{
  "firstLayout": "",
  "gdVersion": {
    "build": 217,
    "major": 5,
    "minor": 4,
    "revision": 0
  },
  "properties": {
    "adaptGameResolutionAtRuntime": true,
    "antialiasingMode": "MSAA",
    "antialisingEnabledOnMobile": false,
    "folderProject": false,
    "orientation": "default",
    "packageName": "com.example.gamename",
    "pixelsRounding": true,
    "projectUuid": "5649b3d1-3ff8-485c-8057-f903632b7735",
    "scaleMode": "nearest",
    "sizeOnStartupMode": "adaptWidth",
    "templateSlug": "",
    "useExternalSourceFiles": false,
    "version": "1.0.0",
    "name": "Wave Defense (Leçon 1)",
    "description": "",
    "author": "",
    "windowWidth": 768,
    "windowHeight": 432,
    "latestCompilationDirectory": "",
    "maxFPS": 60,
    "minFPS": 20,
    "verticalSync": false,
    "platformSpecificAssets": {},
    "loadingScreen": {
      "backgroundColor": 0,
      "backgroundFadeInDuration": 0.2,
      "backgroundImageResourceName": "",
      "gdevelopLogoStyle": "light",
      "logoAndProgressFadeInDuration": 0.2,
      "logoAndProgressLogoFadeInDelay": 0,
      "minDuration": 1.5,
      "progressBarColor": 16777215,
      "progressBarHeight": 20,
      "progressBarMaxWidth": 200,
      "progressBarMinWidth": 40,
      "progressBarWidthPercent": 30,
      "showGDevelopSplash": true,
      "showProgressBar": true
    },
    "watermark": {
      "placement": "bottom-left",
      "showWatermark": true
    },
    "authorIds": [],
    "authorUsernames": [],
    "categories": [],
    "playableDevices": [],
    "extensionProperties": [],
    "platforms": [
      {
        "name": "GDevelop JS platform"
      }
    ],
    "currentPlatform": "GDevelop JS platform"
  },
  "resources": {
    "resources": [
      {
        "alwaysLoaded": false,
        "file": "Sol.png",
        "kind": "image",
        "metadata": "",
        "name": "Sol.png",
        "smoothed": false,
        "userAdded": false
      },
      {
        "alwaysLoaded": false,
        "file": "Joueur1.png",
        "kind": "image",
        "metadata": "",
        "name": "Joueur1.png",
        "smoothed": false,
        "userAdded": false
      },
      {
        "alwaysLoaded": false,
        "file": "Joueur2.png",
        "kind": "image",
        "metadata": "",
        "name": "Joueur2.png",
        "smoothed": false,
        "userAdded": false
      },
      {
        "alwaysLoaded": false,
        "file": "Joueur3.png",
        "kind": "image",
        "metadata": "",
        "name": "Joueur3.png",
        "smoothed": false,
        "userAdded": false
      },
      {
        "alwaysLoaded": false,
        "file": "Joueur4.png",
        "kind": "image",
        "metadata": "",
        "name": "Joueur4.png",
        "smoothed": false,
        "userAdded": false
      },
      {
        "alwaysLoaded": false,
        "file": "Joueur5.png",
        "kind": "image",
        "metadata": "",
        "name": "Joueur5.png",
        "smoothed": false,
        "userAdded": false
      }
    ],
    "resourceFolders": []
  },
  "objects": [],
  "objectsFolderStructure": {
    "folderName": "__ROOT"
  },
  "objectsGroups": [],
  "variables": [],
  "layouts": [
    {
      "b": 209,
      "disableInputWhenNotFocused": true,
      "mangledName": "Sc_232ne_32sans_32titre",
      "name": "Scène sans titre",
      "r": 209,
      "standardSortMethod": true,
      "stopSoundsOnStartup": true,
      "title": "",
      "v": 209,
      "uiSettings": {
        "grid": false,
        "gridType": "rectangular",
        "gridWidth": 32,
        "gridHeight": 32,
        "gridOffsetX": 0,
        "gridOffsetY": 0,
        "gridColor": 10401023,
        "gridAlpha": 0.8,
        "snap": false,
        "zoomFactor": 0.9114583333333334,
        "windowMask": false
      },
      "objectsGroups": [],
      "variables": [],
      "instances": [
        {
          "angle": 0,
          "customSize": true,
          "depth": 0,
          "height": 216,
          "keepRatio": true,
          "layer": "",
          "name": "Sol",
          "persistentUuid": "c5c75834-9805-4869-92d8-57b0a770b371",
          "width": 384,
          "x": 224,
          "y": 99,
          "zOrder": 1,
          "numberProperties": [],
          "stringProperties": [],
          "initialVariables": []
        },
        {
          "angle": 0,
          "customSize": false,
          "height": 0,
          "keepRatio": true,
          "layer": "",
          "name": "Joueur",
          "persistentUuid": "3028adbc-e9ab-4d1c-8a08-f194b4f7703e",
          "width": 0,
          "x": 401,
          "y": 202,
          "zOrder": 2,
          "numberProperties": [],
          "stringProperties": [],
          "initialVariables": []
        }
      ],
      "objects": [
        {
          "adaptCollisionMaskAutomatically": true,
          "assetStoreId": "",
          "name": "Sol",
          "type": "Sprite",
          "updateIfNotVisible": false,
          "variables": [],
          "effects": [],
          "behaviors": [],
          "animations": [
            {
              "name": "",
              "useMultipleDirections": false,
              "directions": [
                {
                  "looping": false,
                  "timeBetweenFrames": 0.08,
                  "sprites": [
                    {
                      "hasCustomCollisionMask": true,
                      "image": "Sol.png",
                      "points": [],
                      "originPoint": {
                        "name": "origine",
                        "x": 0,
                        "y": 0
                      },
                      "centerPoint": {
                        "automatic": true,
                        "name": "centre",
                        "x": 0,
                        "y": 0
                      },
                      "customCollisionMask": [
                        [
                          {
                            "x": 0,
                            "y": 0
                          },
                          {
                            "x": 384,
                            "y": 0
                          },
                          {
                            "x": 384,
                            "y": 216
                          },
                          {
                            "x": 0,
                            "y": 216
                          }
                        ]
                      ]
                    }
                  ]
                }
              ]
            }
          ]
        },
        {
          "adaptCollisionMaskAutomatically": true,
          "assetStoreId": "",
          "name": "Joueur",
          "type": "Sprite",
          "updateIfNotVisible": false,
          "variables": [],
          "effects": [],
          "behaviors": [
            {
              "name": "TopDownMovement",
              "type": "TopDownMovementBehavior::TopDownMovementBehavior",
              "acceleration": 400,
              "allowDiagonals": true,
              "angleOffset": 0,
              "angularMaxSpeed": 180,
              "customIsometryAngle": 30,
              "deceleration": 800,
              "ignoreDefaultControls": false,
              "maxSpeed": 200,
              "movementAngleOffset": 0,
              "rotateObject": false,
              "viewpoint": "TopDown"
            }
          ],
          "animations": [
            {
              "name": "Courir",
              "useMultipleDirections": false,
              "directions": [
                {
                  "looping": true,
                  "timeBetweenFrames": 0.12,
                  "sprites": [
                    {
                      "hasCustomCollisionMask": true,
                      "image": "Joueur1.png",
                      "points": [],
                      "originPoint": {
                        "name": "origine",
                        "x": 0,
                        "y": 0
                      },
                      "centerPoint": {
                        "automatic": true,
                        "name": "centre",
                        "x": 0,
                        "y": 0
                      },
                      "customCollisionMask": [
                        [
                          {
                            "x": 6,
                            "y": 5
                          },
                          {
                            "x": 18,
                            "y": 5
                          },
                          {
                            "x": 18,
                            "y": 28
                          },
                          {
                            "x": 6,
                            "y": 28
                          }
                        ]
                      ]
                    },
                    {
                      "hasCustomCollisionMask": true,
                      "image": "Joueur2.png",
                      "points": [],
                      "originPoint": {
                        "name": "origine",
                        "x": 0,
                        "y": 0
                      },
                      "centerPoint": {
                        "automatic": true,
                        "name": "centre",
                        "x": 0,
                        "y": 0
                      },
                      "customCollisionMask": [
                        [
                          {
                            "x": 6,
                            "y": 5
                          },
                          {
                            "x": 18,
                            "y": 5
                          },
                          {
                            "x": 18,
                            "y": 28
                          },
                          {
                            "x": 6,
                            "y": 28
                          }
                        ]
                      ]
                    },
                    {
                      "hasCustomCollisionMask": true,
                      "image": "Joueur3.png",
                      "points": [],
                      "originPoint": {
                        "name": "origine",
                        "x": 0,
                        "y": 0
                      },
                      "centerPoint": {
                        "automatic": true,
                        "name": "centre",
                        "x": 0,
                        "y": 0
                      },
                      "customCollisionMask": [
                        [
                          {
                            "x": 6,
                            "y": 5
                          },
                          {
                            "x": 18,
                            "y": 5
                          },
                          {
                            "x": 18,
                            "y": 28
                          },
                          {
                            "x": 6,
                            "y": 28
                          }
                        ]
                      ]
                    },
                    {
                      "hasCustomCollisionMask": true,
                      "image": "Joueur4.png",
                      "points": [],
                      "originPoint": {
                        "name": "origine",
                        "x": 0,
                        "y": 0
                      },
                      "centerPoint": {
                        "automatic": true,
                        "name": "centre",
                        "x": 0,
                        "y": 0
                      },
                      "customCollisionMask": [
                        [
                          {
                            "x": 6,
                            "y": 5
                          },
                          {
                            "x": 18,
                            "y": 5
                          },
                          {
                            "x": 18,
                            "y": 28
                          },
                          {
                            "x": 6,
                            "y": 28
                          }
                        ]
                      ]
                    }
                  ]
                }
              ]
            },
            {
              "name": "Arret",
              "useMultipleDirections": false,
              "directions": [
                {
                  "looping": false,
                  "timeBetweenFrames": 0.08,
                  "sprites": [
                    {
                      "hasCustomCollisionMask": true,
                      "image": "Joueur5.png",
                      "points": [],
                      "originPoint": {
                        "name": "origine",
                        "x": 0,
                        "y": 0
                      },
                      "centerPoint": {
                        "automatic": true,
                        "name": "centre",
                        "x": 0,
                        "y": 0
                      },
                      "customCollisionMask": [
                        [
                          {
                            "x": 6,
                            "y": 5
                          },
                          {
                            "x": 18,
                            "y": 5
                          },
                          {
                            "x": 18,
                            "y": 28
                          },
                          {
                            "x": 6,
                            "y": 28
                          }
                        ]
                      ]
                    }
                  ]
                }
              ]
            }
          ]
        }
      ],
      "objectsFolderStructure": {
        "folderName": "__ROOT",
        "children": [
          {
            "objectName": "Sol"
          },
          {
            "objectName": "Joueur"
          }
        ]
      },
      "events": [
        {
          "type": "BuiltinCommonInstructions::Standard",
          "conditions": [
            {
              "type": {
                "value": "DepartScene"
              },
              "parameters": [
                ""
              ]
            }
          ],
          "actions": [
            {
              "type": {
                "value": "ZoomCamera"
              },
              "parameters": [
                "",
                "2",
                "",
                ""
              ]
            },
            {
              "type": {
                "value": "CentreCamera"
              },
              "parameters": [
                "",
                "Sol",
                "",
                "",
                ""
              ]
            }
          ]
        },
        {
          "type": "BuiltinCommonInstructions::Standard",
          "conditions": [
            {
              "type": {
                "value": "TopDownMovementBehavior::IsMoving"
              },
              "parameters": [
                "Joueur",
                "TopDownMovement"
              ]
            }
          ],
          "actions": [
            {
              "type": {
                "value": "AnimatableCapability::AnimatableBehavior::SetName"
              },
              "parameters": [
                "Joueur",
                "Animation",
                "=",
                "\"Courir\""
              ]
            }
          ]
        },
        {
          "type": "BuiltinCommonInstructions::Standard",
          "conditions": [
            {
              "type": {
                "inverted": true,
                "value": "TopDownMovementBehavior::IsMoving"
              },
              "parameters": [
                "Joueur",
                "TopDownMovement"
              ]
            }
          ],
          "actions": [
            {
              "type": {
                "value": "AnimatableCapability::AnimatableBehavior::SetName"
              },
              "parameters": [
                "Joueur",
                "Animation",
                "=",
                "\"Arret\""
              ]
            }
          ]
        }
      ],
      "layers": [
        {
          "ambientLightColorB": 200,
          "ambientLightColorG": 200,
          "ambientLightColorR": 200,
          "camera3DFarPlaneDistance": 10000,
          "camera3DFieldOfView": 45,
          "camera3DNearPlaneDistance": 3,
          "cameraType": "",
          "followBaseLayerCamera": false,
          "isLightingLayer": false,
          "isLocked": false,
          "name": "",
          "renderingType": "",
          "visibility": true,
          "cameras": [
            {
              "defaultSize": true,
              "defaultViewport": true,
              "height": 0,
              "viewportBottom": 1,
              "viewportLeft": 0,
              "viewportRight": 1,
              "viewportTop": 0,
              "width": 0
            }
          ],
          "effects": [
            {
              "effectType": "Scene3D::HemisphereLight",
              "name": "3D Light",
              "doubleParameters": {
                "elevation": 45,
                "intensity": 1,
                "rotation": 0
              },
              "stringParameters": {
                "groundColor": "64;64;64",
                "skyColor": "255;255;255",
                "top": "Y-"
              },
              "booleanParameters": {}
            }
          ]
        }
      ],
      "behaviorsSharedData": [
        {
          "name": "Animation",
          "type": "AnimatableCapability::AnimatableBehavior"
        },
        {
          "name": "Effect",
          "type": "EffectCapability::EffectBehavior"
        },
        {
          "name": "Flippable",
          "type": "FlippableCapability::FlippableBehavior"
        },
        {
          "name": "Opacity",
          "type": "OpacityCapability::OpacityBehavior"
        },
        {
          "name": "Resizable",
          "type": "ResizableCapability::ResizableBehavior"
        },
        {
          "name": "Scale",
          "type": "ScalableCapability::ScalableBehavior"
        },
        {
          "name": "TopDownMovement",
          "type": "TopDownMovementBehavior::TopDownMovementBehavior"
        }
      ]
    }
  ],
  "externalEvents": [],
  "eventsFunctionsExtensions": [],
  "externalLayouts": [],
  "externalSourceFiles": []
}